{
  "CCONJ": {
    "precision": 0.9781818181818182,
    "recall": 0.9438596491228071,
    "f1-score": 0.9607142857142857,
    "support": 285.0
  },
  "ADJ": {
    "precision": 0.8918918918918919,
    "recall": 0.7443609022556391,
    "f1-score": 0.8114754098360656,
    "support": 532.0
  },
  "ADP": {
    "precision": 0.9414414414414415,
    "recall": 0.8931623931623932,
    "f1-score": 0.9166666666666666,
    "support": 234.0
  },
  "ADV": {
    "precision": 0.9072847682119205,
    "recall": 0.8643533123028391,
    "f1-score": 0.8852988691437803,
    "support": 317.0
  },
  "VERB": {
    "precision": 0.9329787234042554,
    "recall": 0.9022633744855967,
    "f1-score": 0.9173640167364017,
    "support": 972.0
  },
  "DET": {
    "precision": 0.9455782312925171,
    "recall": 0.9788732394366197,
    "f1-score": 0.9619377162629758,
    "support": 284.0
  },
  "INTJ": {
    "precision": 1.0,
    "recall": 1.0,
    "f1-score": 1.0,
    "support": 1.0
  },
  "NOUN": {
    "precision": 0.8498999332888593,
    "recall": 0.9326500732064422,
    "f1-score": 0.8893542757417103,
    "support": 1366.0
  },
  "PRON": {
    "precision": 0.9465020576131687,
    "recall": 0.9387755102040817,
    "f1-score": 0.9426229508196722,
    "support": 245.0
  },
  "PROPN": {
    "precision": 0.7535211267605634,
    "recall": 0.9469026548672567,
    "f1-score": 0.8392156862745098,
    "support": 113.0
  },
  "NUM": {
    "precision": 0.8620689655172413,
    "recall": 0.7352941176470589,
    "f1-score": 0.7936507936507936,
    "support": 34.0
  },
  "PUNCT": {
    "precision": 1.0,
    "recall": 0.9983498349834984,
    "f1-score": 0.9991742361684558,
    "support": 606.0
  },
  "AUX": {
    "precision": 0.9210526315789473,
    "recall": 0.8433734939759037,
    "f1-score": 0.8805031446540881,
    "support": 83.0
  },
  "accuracy": 0.909897476340694,
  "macro avg": {
    "precision": 0.9177231991678941,
    "recall": 0.901709119665395,
    "f1-score": 0.907536773205339,
    "support": 5072.0
  },
  "weighted avg": {
    "precision": 0.912329716854334,
    "recall": 0.909897476340694,
    "f1-score": 0.9094467227795585,
    "support": 5072.0
  }
}