{
  "CCONJ": {
    "precision": 0.9967123287671232,
    "recall": 0.9983534577387486,
    "f1-score": 0.9975322182615849,
    "support": 1822.0
  },
  "ADJ": {
    "precision": 0.9915474642392718,
    "recall": 0.9854604200323102,
    "f1-score": 0.9884945713822719,
    "support": 3095.0
  },
  "ADP": {
    "precision": 0.986144578313253,
    "recall": 0.9891238670694864,
    "f1-score": 0.98763197586727,
    "support": 1655.0
  },
  "ADV": {
    "precision": 0.9904632152588556,
    "recall": 0.9824324324324324,
    "f1-score": 0.9864314789687924,
    "support": 1480.0
  },
  "VERB": {
    "precision": 0.9986900278369084,
    "recall": 0.9977097987894651,
    "f1-score": 0.9981996726677578,
    "support": 6113.0
  },
  "DET": {
    "precision": 0.9889624724061811,
    "recall": 0.9992565055762082,
    "f1-score": 0.9940828402366864,
    "support": 1345.0
  },
  "INTJ": {
    "precision": 0.9782608695652174,
    "recall": 0.9574468085106383,
    "f1-score": 0.967741935483871,
    "support": 47.0
  },
  "NOUN": {
    "precision": 0.9915824915824916,
    "recall": 0.9924618659098972,
    "f1-score": 0.9920219838666785,
    "support": 11276.0
  },
  "PRON": {
    "precision": 0.9940828402366864,
    "recall": 0.9940828402366864,
    "f1-score": 0.9940828402366864,
    "support": 845.0
  },
  "PROPN": {
    "precision": 0.9834170854271357,
    "recall": 0.9799699549323986,
    "f1-score": 0.981690494105844,
    "support": 3994.0
  },
  "NUM": {
    "precision": 0.9482926829268292,
    "recall": 0.9633300297324083,
    "f1-score": 0.9557522123893806,
    "support": 1009.0
  },
  "PUNCT": {
    "precision": 0.9991273996509599,
    "recall": 1.0,
    "f1-score": 0.9995635093845482,
    "support": 5725.0
  },
  "AUX": {
    "precision": 1.0,
    "recall": 0.9984350547730829,
    "f1-score": 0.9992169146436961,
    "support": 639.0
  },
  "accuracy": 0.9918811627609169,
  "macro avg": {
    "precision": 0.9882525735546854,
    "recall": 0.9875433104410587,
    "f1-score": 0.987880203653467,
    "support": 39045.0
  },
  "weighted avg": {
    "precision": 0.9918968554566207,
    "recall": 0.9918811627609169,
    "f1-score": 0.9918844974942532,
    "support": 39045.0
  }
}