{
  "PRON": {
    "PRON": -3.5900336194773037,
    "NOUN": -1.8382794848629478,
    "VERB": -1.2992829841302609,
    "PUNCT": -3.9383403137455195,
    "DET": -3.0220495818713644,
    "ADV": -1.6192259188002631,
    "ADP": -2.174751721484161,
    "ADJ": -2.3123730993602085,
    "AUX": -3.71519676243131,
    "CCONJ": -3.532875205637355,
    "NUM": -5.32463467486541,
    "PROPN": -6.423246963533519,
    "INTJ": -6.423246963533519
  },
  "NOUN": {
    "PRON": -3.190496622191951,
    "NOUN": -1.3979164717524668,
    "VERB": -1.0340484283016098,
    "PUNCT": -3.0147648750770517,
    "DET": -3.971103108080482,
    "ADV": -2.566166396151312,
    "ADP": -2.677702493853288,
    "ADJ": -2.355234305316092,
    "AUX": -3.960407818963734,
    "CCONJ": -4.003892930903473,
    "NUM": -5.037966698434012,
    "PROPN": -5.559263622067298,
    "INTJ": -8.503702601233739
  },
  "VERB": {
    "PRON": -3.5715427474093944,
    "NOUN": -1.6448639602819686,
    "VERB": -2.1547653695644278,
    "PUNCT": -0.9927699613893028,
    "DET": -3.590774109337282,
    "ADV": -3.2626584673070105,
    "ADP": -2.623384276687217,
    "ADJ": -3.0493533649930886,
    "AUX": -4.441313463648656,
    "CCONJ": -2.4324894891827737,
    "NUM": -5.586445767951659,
    "PROPN": -5.922918004572872,
    "INTJ": -7.5323559170069725
  },
  "PUNCT": {
    "PRON": -2.382035909558263,
    "NOUN": -0.9351169266219376,
    "VERB": -2.669717982010044,
    "PUNCT": -3.3375473545856993,
    "DET": -2.8675437253399636,
    "ADV": -2.099173123542431,
    "ADP": -3.8483729783516902,
    "ADJ": -2.1588923582440533,
    "AUX": -6.333279628139691,
    "CCONJ": -2.8675437253399636,
    "NUM": -4.541520158911635,
    "PROPN": -3.768330270678154,
    "INTJ": -6.333279628139691
  },
  "DET": {
    "PRON": -5.356586274672012,
    "NOUN": -0.1861022796338606,
    "VERB": -3.375584805805429,
    "PUNCT": -6.742880635791903,
    "DET": -6.742880635791903,
    "ADV": -6.049733455231958,
    "ADP": -3.0052110175085347,
    "ADJ": -2.665343191886184,
    "AUX": -6.742880635791903,
    "CCONJ": -6.742880635791903,
    "NUM": -6.742880635791903,
    "PROPN": -6.049733455231958,
    "INTJ": -6.742880635791903
  },
  "ADV": {
    "PRON": -3.92150174938269,
    "NOUN": -1.9225990701868663,
    "VERB": -1.041768389691581,
    "PUNCT": -4.021585207939673,
    "DET": -3.874981733747797,
    "ADV": -2.622218765252429,
    "ADP": -5.020114038050799,
    "ADJ": -1.166931532645587,
    "AUX": -4.481117537318113,
    "CCONJ": -3.328438027379727,
    "NUM": -5.867411898438003,
    "PROPN": -6.966024187106113,
    "INTJ": -6.966024187106113
  },
  "ADP": {
    "PRON": -3.6325610235237127,
    "NOUN": -1.1636547150821535,
    "VERB": -1.4675973084057148,
    "PUNCT": -3.49902963089919,
    "DET": -2.870420971476816,
    "ADV": -2.307635608780114,
    "ADP": -4.479858883910916,
    "ADJ": -1.8328963747885443,
    "AUX": -3.9690332601449256,
    "CCONJ": -3.3812465952428066,
    "NUM": -4.5976419195673,
    "PROPN": -4.731173312191823,
    "INTJ": -6.677083461247136
  },
  "ADJ": {
    "PRON": -4.602814472295632,
    "NOUN": -1.2114693870764885,
    "VERB": -1.0851420996371088,
    "PUNCT": -3.1319627231476788,
    "DET": -1.9849893627861477,
    "ADV": -4.257973986003902,
    "ADP": -4.103823306176644,
    "ADJ": -2.9586910018736416,
    "AUX": -2.830857630363757,
    "CCONJ": -3.7224557496475406,
    "NUM": -5.038132543553478,
    "PROPN": -7.4360278163518485,
    "INTJ": -7.4360278163518485
  },
  "AUX": {
    "PRON": -4.021773869387265,
    "NOUN": -3.4339872044851463,
    "VERB": -3.0662624243598287,
    "PUNCT": -0.26991961611194054,
    "DET": -4.244917420701475,
    "ADV": -3.32862668882732,
    "ADP": -4.532599493153256,
    "ADJ": -4.532599493153256,
    "AUX": -5.631211781821365,
    "CCONJ": -2.992154452206107,
    "NUM": -4.93806460126142,
    "PROPN": -5.631211781821365,
    "INTJ": -5.631211781821365
  },
  "CCONJ": {
    "PRON": -2.4833028002060256,
    "NOUN": -1.0922122668226422,
    "VERB": -1.9572097043092467,
    "PUNCT": -4.036651245989082,
    "DET": -2.3074121337423614,
    "ADV": -2.0778376920978614,
    "ADP": -5.741399338227508,
    "ADJ": -1.9459101490553135,
    "AUX": -5.741399338227508,
    "CCONJ": -3.601333174731237,
    "NUM": -4.825108606353353,
    "PROPN": -4.48863636973214,
    "INTJ": -6.434546518787453
  },
  "NUM": {
    "PRON": -4.770684624465665,
    "NOUN": -0.4940185054496094,
    "VERB": -3.3843902633457743,
    "PUNCT": -2.8247744754103516,
    "DET": -4.07753744390572,
    "ADV": -4.770684624465665,
    "ADP": -4.770684624465665,
    "ADJ": -1.7749523509116738,
    "AUX": -4.770684624465665,
    "CCONJ": -4.770684624465665,
    "NUM": -2.9789251552376097,
    "PROPN": -4.770684624465665,
    "INTJ": -4.770684624465665
  },
  "PROPN": {
    "PRON": -3.4735180432417816,
    "NOUN": -1.2222262446352863,
    "VERB": -2.4619171315633017,
    "PUNCT": -1.3334518797455106,
    "DET": -3.068052935133617,
    "ADV": -4.859812404361672,
    "ADP": -3.7612001156935624,
    "ADJ": -2.913902255306359,
    "AUX": -4.859812404361672,
    "CCONJ": -2.780370862681836,
    "NUM": -4.1666652238017265,
    "PROPN": -2.374905754573672,
    "INTJ": -4.1666652238017265
  },
  "INTJ": {
    "PRON": -2.890371757896165,
    "NOUN": -2.1972245773362196,
    "VERB": -2.890371757896165,
    "PUNCT": -2.1972245773362196,
    "DET": -2.1972245773362196,
    "ADV": -2.1972245773362196,
    "ADP": -2.890371757896165,
    "ADJ": -2.890371757896165,
    "AUX": -2.890371757896165,
    "CCONJ": -2.890371757896165,
    "NUM": -2.890371757896165,
    "PROPN": -2.1972245773362196,
    "INTJ": -2.890371757896165
  }
}