{
  "ADJ": {
    "precision": 0.9480955937266616,
    "recall": 0.8203554119547658,
    "f1-score": 0.8796119868352676,
    "support": 3095.0
  },
  "ADP": {
    "precision": 0.9410692588092345,
    "recall": 0.93595166163142,
    "f1-score": 0.93850348379279,
    "support": 1655.0
  },
  "ADV": {
    "precision": 0.9497450837581938,
    "recall": 0.8810810810810811,
    "f1-score": 0.9141254819488258,
    "support": 1480.0
  },
  "AUX": {
    "precision": 0.9802631578947368,
    "recall": 0.9327073552425665,
    "f1-score": 0.9558941459502807,
    "support": 639.0
  },
  "CCONJ": {
    "precision": 0.9864864864864865,
    "recall": 0.9615806805708014,
    "f1-score": 0.9738743746525848,
    "support": 1822.0
  },
  "DET": {
    "precision": 0.9453125,
    "recall": 0.9895910780669145,
    "f1-score": 0.9669451507446422,
    "support": 1345.0
  },
  "INTJ": {
    "precision": 0.9354838709677419,
    "recall": 0.6170212765957447,
    "f1-score": 0.7435897435897436,
    "support": 47.0
  },
  "NOUN": {
    "precision": 0.9070908783212049,
    "recall": 0.95069173465768,
    "f1-score": 0.9283796657140383,
    "support": 11276.0
  },
  "NUM": {
    "precision": 0.8673870333988212,
    "recall": 0.8751238850346879,
    "f1-score": 0.871238283177109,
    "support": 1009.0
  },
  "PRON": {
    "precision": 0.950920245398773,
    "recall": 0.9171597633136095,
    "f1-score": 0.9337349397590361,
    "support": 845.0
  },
  "PROPN": {
    "precision": 0.8967945604662457,
    "recall": 0.9246369554331497,
    "f1-score": 0.9105029585798816,
    "support": 3994.0
  },
  "PUNCT": {
    "precision": 0.9961719157821473,
    "recall": 1.0,
    "f1-score": 0.9980822873082287,
    "support": 5725.0
  },
  "VERB": {
    "precision": 0.9565651522715926,
    "recall": 0.9402911827253394,
    "f1-score": 0.948358356706814,
    "support": 6113.0
  },
  "accuracy": 0.938506851069279,
  "macro avg": {
    "precision": 0.9431835182524492,
    "recall": 0.9035532358698275,
    "f1-score": 0.9202185275968647,
    "support": 39045.0
  },
  "weighted avg": {
    "precision": 0.93932821454185,
    "recall": 0.938506851069279,
    "f1-score": 0.9382408145003452,
    "support": 39045.0
  }
}