{
  "fold_scores": [
    0.9143067745281969,
    0.9135680459572462,
    0.9186889472966557,
    0.9172850989950077,
    0.9097109894331932
  ],
  "mean_f1": 0.91471197124206,
  "std_f1": 0.00312793521219977
}