{
  "ADJ": {
    "precision": 0.7756874095513748,
    "recall": 0.34636510500807755,
    "f1-score": 0.4788921152557516,
    "support": 3095.0
  },
  "ADP": {
    "precision": 0.9219001610305958,
    "recall": 0.6918429003021148,
    "f1-score": 0.7904729030031067,
    "support": 1655.0
  },
  "ADV": {
    "precision": 0.9206349206349206,
    "recall": 0.43108108108108106,
    "f1-score": 0.587206626783249,
    "support": 1480.0
  },
  "AUX": {
    "precision": 0.9934640522875817,
    "recall": 0.4757433489827856,
    "f1-score": 0.6433862433862434,
    "support": 639.0
  },
  "CCONJ": {
    "precision": 0.9940750493745886,
    "recall": 0.8287596048298573,
    "f1-score": 0.9039209817419934,
    "support": 1822.0
  },
  "DET": {
    "precision": 0.9044776119402985,
    "recall": 0.9011152416356877,
    "f1-score": 0.9027932960893855,
    "support": 1345.0
  },
  "INTJ": {
    "precision": 0.0,
    "recall": 0.0,
    "f1-score": 0.0,
    "support": 47.0
  },
  "NOUN": {
    "precision": 0.6530140155123146,
    "recall": 0.8511883646683222,
    "f1-score": 0.739046739046739,
    "support": 11276.0
  },
  "NUM": {
    "precision": 0.812910284463895,
    "recall": 0.736372646184341,
    "f1-score": 0.7727509100364015,
    "support": 1009.0
  },
  "PRON": {
    "precision": 0.8856382978723404,
    "recall": 0.3940828402366864,
    "f1-score": 0.5454545454545454,
    "support": 845.0
  },
  "PROPN": {
    "precision": 0.7249204665959703,
    "recall": 0.85578367551327,
    "f1-score": 0.7849351245837639,
    "support": 3994.0
  },
  "PUNCT": {
    "precision": 0.9939225559993055,
    "recall": 0.999825327510917,
    "f1-score": 0.9968652037617555,
    "support": 5725.0
  },
  "VERB": {
    "precision": 0.7839698410096706,
    "recall": 0.7824308849991821,
    "f1-score": 0.7831996070083511,
    "support": 6113.0
  },
  "accuracy": 0.7806377257011141,
  "macro avg": {
    "precision": 0.797278051251758,
    "recall": 0.6380454631501785,
    "f1-score": 0.6868403304731758,
    "support": 39045.0
  },
  "weighted avg": {
    "precision": 0.8006533776784297,
    "recall": 0.7806377257011141,
    "f1-score": 0.7718192738050031,
    "support": 39045.0
  }
}