{
  "CCONJ": {
    "precision": 0.9824561403508771,
    "recall": 0.9032258064516129,
    "f1-score": 0.9411764705882353,
    "support": 62.0
  },
  "ADJ": {
    "precision": 0.9102564102564102,
    "recall": 0.7634408602150538,
    "f1-score": 0.8304093567251462,
    "support": 186.0
  },
  "ADP": {
    "precision": 0.9404761904761905,
    "recall": 0.9753086419753086,
    "f1-score": 0.9575757575757575,
    "support": 81.0
  },
  "ADV": {
    "precision": 0.9655172413793104,
    "recall": 0.865979381443299,
    "f1-score": 0.9130434782608695,
    "support": 97.0
  },
  "VERB": {
    "precision": 0.9177377892030848,
    "recall": 0.9272727272727272,
    "f1-score": 0.9224806201550387,
    "support": 385.0
  },
  "DET": {
    "precision": 0.9339622641509434,
    "recall": 0.9801980198019802,
    "f1-score": 0.9565217391304348,
    "support": 101.0
  },
  "INTJ": {
    "precision": 0.0,
    "recall": 0.0,
    "f1-score": 0.0,
    "support": 0.0
  },
  "NOUN": {
    "precision": 0.8636363636363636,
    "recall": 0.9445506692160612,
    "f1-score": 0.902283105022831,
    "support": 523.0
  },
  "PRON": {
    "precision": 0.9615384615384616,
    "recall": 0.8620689655172413,
    "f1-score": 0.9090909090909091,
    "support": 58.0
  },
  "PROPN": {
    "precision": 0.8571428571428571,
    "recall": 0.42857142857142855,
    "f1-score": 0.5714285714285714,
    "support": 14.0
  },
  "NUM": {
    "precision": 1.0,
    "recall": 0.8888888888888888,
    "f1-score": 0.9411764705882353,
    "support": 9.0
  },
  "PUNCT": {
    "precision": 1.0,
    "recall": 1.0,
    "f1-score": 1.0,
    "support": 198.0
  },
  "AUX": {
    "precision": 1.0,
    "recall": 0.9230769230769231,
    "f1-score": 0.96,
    "support": 26.0
  },
  "accuracy": 0.917816091954023,
  "macro avg": {
    "precision": 0.8717479783180384,
    "recall": 0.8048140240331173,
    "f1-score": 0.8311681906589252,
    "support": 1740.0
  },
  "weighted avg": {
    "precision": 0.9196344846697088,
    "recall": 0.917816091954023,
    "f1-score": 0.9165250543584252,
    "support": 1740.0
  }
}